key,t_us,value
planner.t_fly,893,0
planner.overlap,893,0
planner.acc_max,893,0
planner.t_fly,894,0
planner.overlap,894,0
planner.acc_max,894,0
planner.t_fly,895,0
planner.overlap,895,0
planner.acc_max,895,0
planner.t_fly,896,0
planner.overlap,896,0
planner.acc_max,896,0
planner.t_fly,897,0
planner.overlap,897,0
planner.acc_max,897,0
planner.t_fly,898,0
planner.overlap,898,0
planner.acc_max,898,0
planner.t_fly,899,0
planner.overlap,899,0
planner.acc_max,899,0
planner.t_fly,900,0
planner.overlap,900,0
planner.acc_max,900,0
planner.t_fly,901,0
planner.overlap,901,0
planner.acc_max,901,0
planner.t_fly,902,0
planner.overlap,902,0
planner.acc_max,902,0
planner.t_fly,903,0
planner.overlap,903,0
planner.acc_max,903,0
planner.t_fly,904,0
planner.overlap,904,0
planner.acc_max,904,0
planner.t_fly,905,0
planner.overlap,905,0
planner.acc_max,905,0
planner.t_fly,906,0
planner.overlap,906,0
planner.acc_max,906,0
planner.t_fly,907,0
planner.overlap,907,0
planner.acc_max,907,0
planner.t_fly,908,0
planner.overlap,908,0
planner.acc_max,908,0
planner.t_fly,909,0
planner.overlap,909,0
planner.acc_max,909,0
planner.t_fly,910,0
planner.overlap,910,0
planner.acc_max,910,0
planner.t_fly,911,0
planner.overlap,911,0
planner.acc_max,911,0
planner.t_fly,912,0
planner.overlap,912,0
planner.acc_max,912,0
planner.t_fly,913,0
planner.overlap,913,0
planner.acc_max,913,0
planner.t_fly,914,0
planner.overlap,914,0
planner.acc_max,914,0
planner.t_fly,915,0
planner.overlap,915,0
planner.acc_max,915,0
planner.t_fly,916,0
planner.overlap,916,0
planner.acc_max,916,0
planner.t_fly,917,0
planner.overlap,917,0
planner.acc_max,917,0
planner.t_fly,918,0
planner.overlap,918,0
planner.acc_max,918,0
planner.t_fly,919,0
planner.overlap,919,0
planner.acc_max,919,0
planner.t_fly,920,0
planner.overlap,920,0
planner.acc_max,920,0
planner.t_fly,921,0
planner.overlap,921,0
planner.acc_max,921,0
planner.t_fly,922,0
planner.overlap,922,0
planner.acc_max,922,0
planner.t_fly,923,0
planner.overlap,923,0
planner.acc_max,923,0
planner.t_fly,924,0
planner.overlap,924,0
planner.acc_max,924,0
planner.t_fly,925,0
planner.overlap,925,0
planner.acc_max,925,0
planner.t_fly,926,0
planner.overlap,926,0
planner.acc_max,926,0
planner.t_fly,927,0
planner.overlap,927,0
planner.acc_max,927,0
planner.t_fly,928,0
planner.overlap,928,0
planner.acc_max,928,0
planner.t_fly,929,0
planner.overlap,929,0
planner.acc_max,929,0
planner.t_fly,930,0
planner.overlap,930,0
planner.acc_max,930,0
planner.t_fly,931,0
planner.overlap,931,0
planner.acc_max,931,0
planner.t_fly,932,0
planner.overlap,932,0
planner.acc_max,932,0
planner.t_fly,933,0
planner.overlap,933,0
planner.acc_max,933,0
planner.t_fly,934,0
planner.overlap,934,0
planner.acc_max,934,0
planner.t_fly,935,0
planner.overlap,935,0
planner.acc_max,935,0
planner.t_fly,936,0
planner.overlap,936,0
planner.acc_max,936,0
planner.t_fly,937,0
planner.overlap,937,0
planner.acc_max,937,0
planner.t_fly,938,0
planner.overlap,938,0
planner.acc_max,938,0
planner.t_fly,939,0
planner.overlap,939,0
planner.acc_max,939,0
planner.t_fly,940,0
planner.overlap,940,0
planner.acc_max,940,0
planner.t_fly,941,0
planner.overlap,941,0
planner.acc_max,941,0
planner.t_fly,942,0
planner.overlap,942,0
planner.acc_max,942,0
planner.t_fly,943,0
planner.overlap,943,0
planner.acc_max,943,0
planner.t_fly,944,0
planner.overlap,944,0
planner.acc_max,944,0
planner.t_fly,945,0
planner.overlap,945,0
planner.acc_max,945,0
planner.t_fly,946,0
planner.overlap,946,0
planner.acc_max,946,0
planner.t_fly,947,0
planner.overlap,947,0
planner.acc_max,947,0
planner.t_fly,948,0
planner.overlap,948,0
planner.acc_max,948,0
planner.t_fly,949,0
planner.overlap,949,0
planner.acc_max,949,0
planner.t_fly,950,0
planner.overlap,950,0
planner.acc_max,950,0
planner.t_fly,951,0
planner.overlap,951,0
planner.acc_max,951,0
planner.t_fly,952,0
planner.overlap,952,0
planner.acc_max,952,0
planner.t_fly,953,0
planner.overlap,953,0
planner.acc_max,953,0
planner.t_fly,954,0
planner.overlap,954,0
planner.acc_max,954,0
planner.t_fly,955,0
planner.overlap,955,0
planner.acc_max,955,0
planner.t_fly,956,0
planner.overlap,956,0
planner.acc_max,956,0
planner.t_fly,957,0
planner.overlap,957,0
planner.acc_max,957,0
planner.t_fly,958,0
planner.overlap,958,0
planner.acc_max,958,0
planner.t_fly,959,0
planner.overlap,959,0
planner.acc_max,959,0
planner.t_fly,960,0
planner.overlap,960,0
planner.acc_max,960,0
planner.t_fly,961,0
planner.overlap,961,0
planner.acc_max,961,0
planner.t_fly,962,0
planner.overlap,962,0
planner.acc_max,962,0
planner.t_fly,963,0
planner.overlap,963,0
planner.acc_max,963,0
planner.t_fly,964,0
planner.overlap,964,0
planner.acc_max,964,0
planner.t_fly,965,0
planner.overlap,965,0
planner.acc_max,965,0
planner.t_fly,966,0
planner.overlap,966,0
planner.acc_max,966,0
planner.t_fly,967,0
planner.overlap,967,0
planner.acc_max,967,0
planner.t_fly,968,0
planner.overlap,968,0
planner.acc_max,968,0
planner.t_fly,969,0
planner.overlap,969,0
planner.acc_max,969,0
planner.t_fly,970,0
planner.overlap,970,0
planner.acc_max,970,0
planner.t_fly,971,0
planner.overlap,971,0
planner.acc_max,971,0
planner.t_fly,972,0
planner.overlap,972,0
planner.acc_max,972,0
planner.t_fly,973,0
planner.overlap,973,0
planner.acc_max,973,0
planner.t_fly,974,0
planner.overlap,974,0
planner.acc_max,974,0
planner.t_fly,975,0
planner.overlap,975,0
planner.acc_max,975,0
planner.t_fly,976,0
planner.overlap,976,0
planner.acc_max,976,0
planner.t_fly,977,0
planner.overlap,977,0
planner.acc_max,977,0
planner.t_fly,978,0
planner.overlap,978,0
planner.acc_max,978,0
planner.t_fly,979,0
planner.overlap,979,0
planner.acc_max,979,0
planner.t_fly,980,0
planner.overlap,980,0
planner.acc_max,980,0
planner.t_fly,981,0
planner.overlap,981,0
planner.acc_max,981,0
planner.t_fly,982,0
planner.overlap,982,0
planner.acc_max,982,0
planner.t_fly,983,0
planner.overlap,983,0
planner.acc_max,983,0
planner.t_fly,984,0
planner.overlap,984,0
planner.acc_max,984,0
planner.t_fly,985,0
planner.overlap,985,0
planner.acc_max,985,0
planner.t_fly,986,0
planner.overlap,986,0
planner.acc_max,986,0
planner.t_fly,987,0
planner.overlap,987,0
planner.acc_max,987,0
planner.t_fly,988,0
planner.overlap,988,0
planner.acc_max,988,0
planner.t_fly,989,0
planner.overlap,989,0
planner.acc_max,989,0
planner.t_fly,990,0
planner.overlap,990,0
planner.acc_max,990,0
planner.t_fly,991,0
planner.overlap,991,0
planner.acc_max,991,0
planner.t_fly,992,0
planner.overlap,992,0
planner.acc_max,992,0
planner.t_fly,993,0
planner.overlap,993,0
planner.acc_max,993,0
planner.t_fly,994,0
planner.overlap,994,0
planner.acc_max,994,0
planner.t_fly,995,0
planner.overlap,995,0
planner.acc_max,995,0
planner.t_fly,996,0
planner.overlap,996,0
planner.acc_max,996,0
planner.t_fly,997,0
planner.overlap,997,0
planner.acc_max,997,0
planner.t_fly,998,0
planner.overlap,998,0
planner.acc_max,998,0
planner.t_fly,999,0
planner.overlap,999,0
planner.acc_max,999,0
planner.t_fly,1000,0
planner.overlap,1000,0
planner.acc_max,1000,0
